transaction_id,kunden_id,datum,typetransaktion,betrag
T001,K001,2026-01-03,Überweisung,450
T002,K002,2026-01-04,Abhebung,120
T003,K001,2026-01-05,Zahlung,75
T004,K003,2026-01-05,Überweisung,1200
T005,K004,2026-01-06,Zahlung,45
T006,K002,2026-01-07,Überweisung,850
T007,K005,2026-01-08,Abhebung,200
T008,K003,2026-01-09,Zahlung,95
T009,K001,2026-01-10,Überweisung,2300
T010,K004,2026-01-11,Zahlung,60
T011,K005,2026-01-12,Überweisung,150
T012,K002,2026-01-13,Abhebung,180
T013,K003,2026-01-14,Überweisung,5000
T014,K001,2026-01-15,Zahlung,80
T015,K005,2026-01-16,Abhebung,250
T016,K004,2026-01-17,Überweisung,700
T017,K002,2026-01-18,Zahlung,55
T018,K003,2026-01-19,Abhebung,100
T019,K001,2026-01-20,Überweisung,3200
T020,K005,2026-01-21,Zahlung,90
T021,K004,2026-01-22,Überweisung,950
T022,K002,2026-01-23,Zahlung,65
T023,K003,2026-01-24,Überweisung,4100
T024,K001,2026-01-25,Abhebung,300
T025,K005,2026-01-26,Überweisung,600s